City_ID,City,Lat,Lng,Max Temp,Humidity,Cloudiness,Wind Speed,Country,Date
0,Vila Do Maio,15.1333,-23.2167,77.04,77,49,3.31,CV,2022-07-22 21:08:50
1,Provideniya,64.3833,-173.3,48.02,65,63,9.19,RU,2022-07-22 21:05:58
2,Walvis Bay,-22.9575,14.5053,58.08,56,0,8.81,NA,2022-07-22 21:08:10
3,Tukrah,32.5341,20.5791,77.99,83,0,10.42,LY,2022-07-22 21:08:51
4,Samarai,-10.6167,150.6667,79.45,81,32,4.29,PG,2022-07-22 21:08:51
5,Kilindoni,-7.9139,39.6668,75.6,75,0,16.71,TZ,2022-07-22 21:08:52
6,Ushuaia,-54.8,-68.3,32.85,95,93,8.14,AR,2022-07-22 21:04:01
7,La Ronge,55.1001,-105.2842,51.46,80,100,9.1,CA,2022-07-22 21:08:53
8,Darhan,49.4867,105.9228,55.06,92,100,4.7,MN,2022-07-22 21:08:53
9,Hami,42.8,93.45,78.85,19,0,0.87,CN,2022-07-22 21:08:53
10,Mataura,-46.1927,168.8643,33.48,96,15,2.91,NZ,2022-07-22 21:03:59
11,Kavieng,-2.5744,150.7967,81.63,78,32,10.58,PG,2022-07-22 21:08:54
12,Saint-Joseph,-21.3667,55.6167,64.2,80,18,13.56,RE,2022-07-22 21:04:30
13,Qaanaaq,77.484,-69.3632,40.05,92,100,7.29,GL,2022-07-22 21:04:48
14,Yellowknife,62.456,-114.3525,64.06,50,63,10.83,CA,2022-07-22 21:08:55
15,Mount Gambier,-37.8333,140.7667,50.95,97,100,8.7,AU,2022-07-22 21:08:56
16,Vaini,-21.2,-175.2,75.36,94,20,11.5,TO,2022-07-22 21:08:56
17,Airai,-8.9266,125.4092,51.57,78,99,2.98,TL,2022-07-22 21:08:57
18,Mehamn,71.0357,27.8492,53.55,87,75,12.66,NO,2022-07-22 21:08:57
19,Neuquen,-38.9516,-68.0591,51.69,46,0,6.91,AR,2022-07-22 21:08:58
20,Jamestown,42.097,-79.2353,86.02,46,0,14.97,US,2022-07-22 21:08:58
21,Katsuura,35.1333,140.3,78.3,84,0,18.68,JP,2022-07-22 21:06:10
22,Kahului,20.8947,-156.47,87.82,59,20,19.57,US,2022-07-22 21:08:59
23,Padang,-0.9492,100.3543,77.95,86,97,4.34,ID,2022-07-22 21:08:59
24,Albany,42.6001,-73.9662,91.45,46,36,12.06,US,2022-07-22 21:04:03
25,New Norfolk,-42.7826,147.0587,49.91,85,100,2.3,AU,2022-07-22 21:09:00
26,Mount Isa,-20.7333,139.5,38.97,70,0,0.0,AU,2022-07-22 21:09:00
27,Saint-Leu,-21.15,55.2833,69.31,70,2,1.43,RE,2022-07-22 21:09:01
28,Broken Hill,-31.95,141.4333,54.82,69,99,9.33,AU,2022-07-22 21:06:15
29,Te Anau,-45.4167,167.7167,32.74,93,74,1.7,NZ,2022-07-22 21:09:02
30,Maningrida,-12.0667,134.2667,51.84,68,35,8.79,AU,2022-07-22 21:09:02
31,Puerto Ayora,-0.7393,-90.3518,80.56,86,49,8.01,EC,2022-07-22 21:09:03
32,Ulladulla,-35.35,150.4667,51.17,91,87,6.78,AU,2022-07-22 21:09:03
33,Shingu,33.7333,135.9833,74.01,84,0,4.56,JP,2022-07-22 21:09:04
34,Lewistown,40.5992,-77.5714,95.2,67,0,11.5,US,2022-07-22 21:09:03
35,Bloemfontein,-29.1211,26.214,51.42,48,4,6.87,ZA,2022-07-22 21:06:41
36,Hermanus,-34.4187,19.2345,54.81,88,100,13.51,ZA,2022-07-22 21:09:05
37,Pisco,-13.7,-76.2167,60.85,82,100,8.05,PE,2022-07-22 21:08:35
38,Avarua,-21.2078,-159.775,78.85,78,68,5.75,CK,2022-07-22 21:09:05
39,Opuwo,-18.0607,13.84,63.12,28,0,5.5,NA,2022-07-22 21:09:06
40,Kununurra,-15.7667,128.7333,51.78,87,41,0.0,AU,2022-07-22 21:09:06
41,Chuy,-33.6971,-53.4616,55.26,97,87,4.88,UY,2022-07-22 21:09:07
42,Rikitea,-23.1203,-134.9692,72.37,75,100,9.82,PF,2022-07-22 21:09:08
43,Kasane,-17.8167,25.15,61.79,54,68,6.96,BW,2022-07-22 21:09:08
44,Port-Gentil,-0.7193,8.7815,75.16,78,20,12.66,GA,2022-07-22 21:09:09
45,Saint-Philippe,-21.3585,55.7679,65.21,84,43,14.36,RE,2022-07-22 21:09:09
46,Cape Town,-33.9258,18.4232,58.1,90,100,3.0,ZA,2022-07-22 21:09:10
47,Bethel,41.3712,-73.414,94.01,48,75,5.75,US,2022-07-22 21:09:10
48,Nikolskoye,59.7035,30.7861,71.49,72,17,6.33,RU,2022-07-22 21:09:11
49,Shache,38.4167,77.2406,80.83,14,0,3.02,CN,2022-07-22 21:10:11
50,Tasiilaq,65.6145,-37.6368,37.56,70,34,7.9,GL,2022-07-22 21:10:12
51,Arraial Do Cabo,-22.9661,-42.0278,71.46,88,0,11.5,BR,2022-07-22 21:07:22
52,Port Elizabeth,-33.918,25.5701,58.32,79,100,5.99,ZA,2022-07-22 21:09:39
53,Nago,26.5881,127.9761,84.63,86,83,10.47,JP,2022-07-22 21:10:13
54,Caucaia,-3.7361,-38.6531,80.04,76,0,11.5,BR,2022-07-22 21:10:13
55,Ouesso,1.6136,16.0517,70.52,98,100,2.42,CG,2022-07-22 21:10:14
56,Tornio,65.8481,24.1466,55.42,77,100,5.88,FI,2022-07-22 21:10:14
57,Anadyr,64.75,177.4833,48.49,75,96,2.35,RU,2022-07-22 21:10:15
58,Punta Arenas,-53.15,-70.9167,39.11,75,0,12.66,CL,2022-07-22 21:10:15
59,Alice Springs,-23.7,133.8833,44.15,53,0,0.0,AU,2022-07-22 21:10:16
60,Bredasdorp,-34.5322,20.0403,55.27,86,100,10.04,ZA,2022-07-22 21:10:16
61,Carnarvon,-24.8667,113.6333,62.44,66,0,11.14,AU,2022-07-22 21:10:17
62,Kapaa,22.0752,-159.319,82.72,69,75,16.11,US,2022-07-22 21:10:18
63,Port Alfred,-33.5906,26.891,63.5,64,100,10.0,ZA,2022-07-22 21:10:18
64,Dikson,73.5069,80.5464,51.19,79,80,13.8,RU,2022-07-22 21:10:19
65,Sorong,-0.8833,131.25,76.64,89,84,10.0,ID,2022-07-22 21:10:19
66,Barrow,71.2906,-156.7887,41.02,87,100,11.5,US,2022-07-22 21:10:20
67,Tucuma,-0.1833,-50.05,81.19,77,95,3.78,BR,2022-07-22 21:10:20
68,Labuhan,-6.8844,112.2051,74.84,85,52,7.07,ID,2022-07-22 21:10:21
69,Leningradskiy,69.3833,178.4167,35.92,88,96,8.03,RU,2022-07-22 21:10:21
70,Bengkulu,-3.8004,102.2655,75.09,88,90,4.16,ID,2022-07-22 21:10:22
71,Namatanai,-3.6667,152.4333,79.2,76,9,6.31,PG,2022-07-22 21:10:23
72,Bambous Virieux,-20.3428,57.7575,68.22,77,10,16.33,MU,2022-07-22 21:10:23
73,Bluff,-46.6,168.3333,33.8,85,10,7.27,NZ,2022-07-22 21:10:24
74,Bintulu,3.1667,113.0333,76.26,91,87,4.12,MY,2022-07-22 21:10:24
75,Epitalion,37.6333,21.5,79.29,64,0,1.57,GR,2022-07-22 21:10:25
76,Korla,41.7597,86.1469,80.98,23,0,4.14,CN,2022-07-22 21:10:25
77,Grajewo,53.6473,22.4554,66.78,94,30,8.03,PL,2022-07-22 21:10:26
78,Baculin,7.4525,126.5842,78.13,84,97,3.69,PH,2022-07-22 21:10:27
79,Berlevag,70.8578,29.0864,53.6,82,75,14.97,NO,2022-07-22 21:10:27
80,Kaliwungu,-6.9615,110.2531,78.75,83,98,2.3,ID,2022-07-22 21:10:28
81,Butaritari,3.0707,172.7902,80.67,79,21,8.61,KI,2022-07-22 21:10:28
82,Tsabong,-26.0217,22.401,62.87,35,5,6.55,BW,2022-07-22 21:10:28
83,Longyearbyen,78.2186,15.6401,48.04,87,75,5.75,SJ,2022-07-22 21:10:29
84,Ponta Do Sol,32.6667,-17.1,72.72,80,5,7.09,PT,2022-07-22 21:10:30
85,Tezu,27.9167,96.1667,76.26,82,94,2.73,IN,2022-07-22 21:10:30
86,Guerrero Negro,27.9769,-114.0611,77.04,55,26,19.91,MX,2022-07-22 21:10:31
87,East London,-33.0153,27.9116,68.29,39,11,7.25,ZA,2022-07-22 21:07:55
88,Talara,-4.5772,-81.2719,70.56,73,0,11.5,PE,2022-07-22 21:10:32
89,Merritt Island,28.5392,-80.672,92.17,67,0,14.97,US,2022-07-22 21:07:07
90,Kodiak,57.79,-152.4072,54.91,62,100,8.05,US,2022-07-22 21:10:32
91,Salalah,17.0151,54.0924,77.09,94,75,5.75,OM,2022-07-22 21:08:22
92,Rabo De Peixe,37.8,-25.5833,71.11,78,20,3.44,PT,2022-07-22 21:10:33
93,Lebu,-37.6167,-73.65,53.6,96,100,12.01,CL,2022-07-22 21:10:33
94,Busselton,-33.65,115.3333,59.59,79,55,18.57,AU,2022-07-22 21:10:34
95,Jinchang,38.4953,102.1739,69.28,37,0,6.78,CN,2022-07-22 21:11:34
96,Flinders,-34.5833,150.8552,52.18,93,65,5.99,AU,2022-07-22 21:11:35
97,Grindavik,63.8424,-22.4338,54.07,87,75,5.75,IS,2022-07-22 21:11:35
98,Husavik,66.0449,-17.3389,50.41,84,36,3.94,IS,2022-07-22 21:11:36
99,Sao Joao Da Barra,-21.6403,-41.0511,75.29,85,0,13.65,BR,2022-07-22 21:11:25
100,Isangel,-19.55,169.2667,77.25,82,100,11.07,VU,2022-07-22 21:11:36
101,Malindi,-3.2175,40.1191,74.75,78,9,16.82,KE,2022-07-22 21:11:37
102,Olingan,8.5314,123.3194,76.05,90,100,3.38,PH,2022-07-22 21:11:37
103,Bathsheba,13.2167,-59.5167,84.81,79,20,14.97,BB,2022-07-22 21:11:38
104,Kulhudhuffushi,6.6221,73.07,81.7,77,100,16.04,MV,2022-07-22 21:11:39
105,Mocuba,-16.8392,36.9856,62.56,92,0,1.03,MZ,2022-07-22 21:11:39
106,Iqaluit,63.7506,-68.5145,41.94,80,97,7.14,CA,2022-07-22 21:11:40
107,Dali,25.7,100.1833,62.96,92,100,1.68,CN,2022-07-22 21:11:40
108,Saint Anthony,45.0205,-93.218,94.89,39,0,13.8,US,2022-07-22 21:11:41
109,Havoysund,70.9963,24.6622,52.03,88,65,22.08,NO,2022-07-22 21:11:41
110,Normandin,48.8333,-72.5321,77.36,56,84,2.98,CA,2022-07-22 21:11:42
111,Tiksi,71.6872,128.8694,46.71,80,86,6.15,RU,2022-07-22 21:11:42
112,Praia Da Vitoria,38.7333,-27.0667,74.75,93,100,2.73,PT,2022-07-22 21:11:43
113,Narsaq,60.9167,-46.05,62.82,64,56,5.39,GL,2022-07-22 21:11:43
114,Santa Quiteria,-4.3319,-40.1567,84.72,41,54,7.2,BR,2022-07-22 21:11:44
115,Kaitangata,-46.2817,169.8464,36.66,92,14,3.62,NZ,2022-07-22 21:11:44
116,Hongjiang,27.11,109.9956,76.32,91,7,4.25,CN,2022-07-22 21:11:45
117,Villa Guerrero,18.8667,-99.65,79.27,71,96,4.45,MX,2022-07-22 21:11:45
118,Amahai,-3.3333,128.9167,74.28,79,73,4.12,ID,2022-07-22 21:11:45
119,Hilo,19.7297,-155.09,86.29,85,100,6.91,US,2022-07-22 21:09:31
120,Vanavara,60.34,102.2797,57.87,77,99,5.28,RU,2022-07-22 21:11:46
121,Verkhnevilyuysk,63.4453,120.3167,62.04,89,100,4.34,RU,2022-07-22 21:11:47
122,Mar Del Plata,-38.0023,-57.5575,52.09,75,0,6.91,AR,2022-07-22 21:11:48
123,Helong,42.5397,128.9972,63.36,99,55,1.3,CN,2022-07-22 21:11:48
124,Faanui,-16.4833,-151.75,78.28,73,18,8.32,PF,2022-07-22 21:11:49
125,Luanda,-8.8368,13.2343,67.32,91,81,5.44,AO,2022-07-22 21:09:54
126,Kalabo,-14.97,22.6814,67.57,34,95,5.41,ZM,2022-07-22 21:11:49
127,Staraya Poltavka,50.4772,46.4814,68.9,48,90,5.99,RU,2022-07-22 21:11:50
128,Victoria,22.2855,114.1577,86.38,81,68,5.01,HK,2022-07-22 21:10:14
129,San Quintin,30.4833,-115.95,74.73,62,95,16.2,MX,2022-07-22 21:11:50
130,Gat,31.61,34.7642,79.81,100,2,3.06,IL,2022-07-22 21:11:02
131,Severo-Kurilsk,50.6789,156.125,55.08,94,31,6.29,RU,2022-07-22 21:11:51
132,Portland,45.5234,-122.6762,76.98,58,75,8.05,US,2022-07-22 21:08:52
133,Port Lincoln,-34.7333,135.8667,51.15,75,66,6.24,AU,2022-07-22 21:11:51
134,Ainazi,57.8636,24.3578,67.33,86,6,5.55,LV,2022-07-22 21:11:52
135,Atuona,-9.8,-139.0333,77.47,77,6,14.16,PF,2022-07-22 21:11:52
136,Nagato,34.3833,131.2,73.33,88,67,4.94,JP,2022-07-22 21:11:53
137,Ca Mau,9.1769,105.15,75.9,89,100,0.94,VN,2022-07-22 21:11:45
138,Chute-Aux-Outardes,49.1168,-68.399,66.11,76,87,7.45,CA,2022-07-22 21:11:54
139,Hobart,-42.8794,147.3294,50.25,87,75,4.61,AU,2022-07-22 21:11:51
140,Leeston,-43.7667,172.3,39.36,91,7,4.54,NZ,2022-07-22 21:12:54
141,Hastings,50.8552,0.5729,65.28,82,67,14.7,GB,2022-07-22 21:12:55
142,Lorengau,-2.0226,147.2712,81.55,80,27,9.48,PG,2022-07-22 21:12:55
143,Manali,13.1667,80.2667,84.29,88,100,8.88,IN,2022-07-22 21:12:56
144,Mushie,-3.0167,16.9,77.58,64,66,2.98,CD,2022-07-22 21:12:56
145,Hasaki,35.7333,140.8333,77.29,85,0,17.76,JP,2022-07-22 21:12:57
146,Vardo,70.3705,31.1107,51.78,87,75,4.61,NO,2022-07-22 21:12:57
147,Vestmannaeyjar,63.4427,-20.2734,51.53,91,100,3.76,IS,2022-07-22 21:12:58
148,Barkhan,29.8977,69.5256,77.41,76,97,2.68,PK,2022-07-22 21:12:58
149,Chokurdakh,70.6333,147.9167,46.96,58,99,13.15,RU,2022-07-22 21:12:59
150,Sassandra,4.95,-6.0833,74.68,77,61,6.85,CI,2022-07-22 21:13:00
151,Taltal,-25.4,-70.4833,59.94,76,100,4.25,CL,2022-07-22 21:10:20
152,Pirajui,-21.9986,-49.4572,73.8,33,18,3.42,BR,2022-07-22 21:13:01
153,Miraflores,19.2167,-98.8083,80.02,59,94,3.27,MX,2022-07-22 21:13:01
154,Pacific Grove,36.6177,-121.9166,86.38,78,20,10.36,US,2022-07-22 21:13:02
155,Fairbanks,64.8378,-147.7164,57.54,75,75,3.44,US,2022-07-22 21:08:08
156,Lavrentiya,65.5833,-171.0,42.22,90,100,10.96,RU,2022-07-22 21:13:03
157,Ribeira Grande,38.5167,-28.7,75.6,88,40,8.05,PT,2022-07-22 21:13:03
158,Yar-Sale,66.8333,70.8333,44.4,96,100,15.7,RU,2022-07-22 21:13:04
159,Oriximina,-1.7656,-55.8661,85.37,62,68,4.34,BR,2022-07-22 21:13:05
160,Caravelas,-17.7125,-39.2481,70.63,81,3,5.35,BR,2022-07-22 21:13:05
161,Maneadero,31.7167,-116.5667,76.1,69,77,5.01,MX,2022-07-22 21:13:06
162,Karoi,-16.8099,29.6925,58.86,59,95,3.22,ZW,2022-07-22 21:13:06
163,Codrington,-38.2667,141.9667,51.26,94,100,12.82,AU,2022-07-22 21:13:07
164,Santa Rosa,14.3122,121.1114,80.58,90,79,4.76,PH,2022-07-22 21:13:07
165,Firminopolis,-16.5819,-50.305,76.95,32,14,4.18,BR,2022-07-22 21:13:08
166,Mahebourg,-20.4081,57.7,68.25,78,6,16.87,MU,2022-07-22 21:12:21
167,Batagay-Alyta,67.8006,130.4114,60.67,91,100,0.85,RU,2022-07-22 21:13:09
168,Mayo,38.8876,-76.5119,96.94,59,0,11.5,US,2022-07-22 21:13:09
169,Toora-Khem,52.4675,96.11,49.68,94,100,1.97,RU,2022-07-22 21:13:10
170,Yakeshi,49.2833,120.7333,61.29,86,67,7.49,CN,2022-07-22 21:13:10
171,Zlocieniec,53.5329,16.0113,63.9,82,58,2.93,PL,2022-07-22 21:13:11
172,Magistralnyy,56.1725,107.4458,57.13,98,100,1.88,RU,2022-07-22 21:13:11
173,Ugoofaaru,5.6667,73.0,81.59,78,100,17.36,MV,2022-07-22 21:13:12
174,San Cristobal,7.7669,-72.225,77.18,58,64,5.91,VE,2022-07-22 21:13:12
175,Krasnopavlivka,49.1372,36.3272,57.51,95,49,11.95,UA,2022-07-22 21:13:13
176,Komsomolskiy,40.4272,71.7189,81.32,34,0,6.91,UZ,2022-07-22 21:13:14
177,Torbay,47.6666,-52.7314,78.28,74,21,3.0,CA,2022-07-22 21:13:14
178,Aswan,24.0934,32.907,90.09,16,53,13.24,EG,2022-07-22 21:13:15
179,Halifax,44.6453,-63.5724,87.69,78,30,8.99,CA,2022-07-22 21:09:59
180,Fortuna,40.5982,-124.1573,71.92,68,8,1.99,US,2022-07-22 21:12:03
181,Kupang,-10.1667,123.5833,69.98,79,92,9.33,ID,2022-07-22 21:13:15
182,Kampong Thum,12.7111,104.8887,76.03,93,99,4.09,KH,2022-07-22 21:14:16
183,Cidreira,-30.1811,-50.2056,63.1,94,97,2.3,BR,2022-07-22 21:14:17
184,Yulara,-25.2406,130.9889,54.43,40,5,8.9,AU,2022-07-22 21:14:17
185,Cockburn Town,21.4612,-71.1419,78.76,83,75,16.11,TC,2022-07-22 21:14:18
186,Saldanha,-33.0117,17.9442,57.25,89,100,4.12,ZA,2022-07-22 21:13:02
187,Constitucion,-35.3333,-72.4167,57.25,86,16,9.19,CL,2022-07-22 21:14:19
188,Tuktoyaktuk,69.4541,-133.0374,57.42,65,77,6.49,CA,2022-07-22 21:14:19
189,Port Blair,11.6667,92.75,77.04,100,100,2.3,IN,2022-07-22 21:14:20
190,Yilan,24.757,121.753,84.9,99,9,4.0,TW,2022-07-22 21:14:20
191,Sur,22.5667,59.5289,87.21,67,97,9.73,OM,2022-07-22 21:14:21
192,Millinocket,45.6573,-68.7098,88.41,40,20,6.91,US,2022-07-22 21:14:21
193,Hirara,24.8,125.2833,84.88,77,75,14.83,JP,2022-07-22 21:14:22
194,Kloulklubed,7.0419,134.2556,82.9,75,84,8.46,PW,2022-07-22 21:14:22
195,Pevek,69.7008,170.3133,32.49,89,100,3.87,RU,2022-07-22 21:13:33
196,Khatanga,71.9667,102.5,43.38,89,100,15.32,RU,2022-07-22 21:14:23
197,Abalak,58.1286,68.5944,51.73,95,12,5.26,RU,2022-07-22 21:14:23
198,Nanakuli,21.3906,-158.1547,84.15,57,75,12.66,US,2022-07-22 21:14:24
199,Riyadh,24.6877,46.7219,93.34,18,27,8.37,SA,2022-07-22 21:13:45
200,Vila,42.0304,-8.1588,62.71,69,0,5.91,PT,2022-07-22 21:14:24
201,Viedma,-40.8135,-62.9967,46.9,51,98,2.89,AR,2022-07-22 21:11:07
202,Karratha,-20.7377,116.8463,68.41,61,0,9.31,AU,2022-07-22 21:14:25
203,Port Hedland,-20.3167,118.5667,64.45,100,75,6.91,AU,2022-07-22 21:14:26
204,Lata,40.1629,-8.3327,60.67,85,7,2.77,PT,2022-07-22 21:14:26
205,Maues,-3.3836,-57.7186,79.99,78,100,2.28,BR,2022-07-22 21:10:48
206,Piacabucu,-10.4056,-36.4344,74.07,83,29,9.33,BR,2022-07-22 21:14:27
207,Hithadhoo,-0.6,73.0833,81.72,73,100,7.78,MV,2022-07-22 21:14:18
208,Fort Nelson,58.8053,-122.7002,75.97,29,11,4.21,CA,2022-07-22 21:14:17
209,Esperance,-33.8667,121.9,54.23,72,94,16.67,AU,2022-07-22 21:14:28
210,Havre-Saint-Pierre,50.2334,-63.5986,68.36,88,75,9.22,CA,2022-07-22 21:13:35
211,Key Largo,25.0865,-80.4473,88.0,55,100,11.16,US,2022-07-22 21:10:33
212,Mahon,39.8885,4.2658,79.36,83,0,4.61,ES,2022-07-22 21:13:13
213,Touros,-5.1989,-35.4608,76.23,84,100,14.32,BR,2022-07-22 21:13:00
214,Moshupa,-24.7782,25.4155,59.05,53,55,2.55,BW,2022-07-22 21:14:29
215,Clyde River,70.4692,-68.5914,54.18,52,100,5.37,CA,2022-07-22 21:14:29
216,Kiama,-34.6833,150.8667,57.0,94,79,4.65,AU,2022-07-22 21:14:30
217,Souillac,-20.5167,57.5167,66.58,88,75,6.91,MU,2022-07-22 21:14:31
218,Puerto Escondido,15.85,-97.0667,85.42,68,100,6.04,MX,2022-07-22 21:14:31
219,Nantucket,41.2835,-70.0995,87.94,65,0,9.22,US,2022-07-22 21:13:06
220,Saint George,37.1041,-113.5841,108.95,13,0,10.36,US,2022-07-22 21:09:50
221,Piacenza,45.0468,9.6994,77.97,48,5,4.65,IT,2022-07-22 21:14:32
222,Labuan,5.2767,115.2417,80.47,81,100,5.68,MY,2022-07-22 21:14:33
223,Sao Filipe,14.8961,-24.4956,75.42,80,85,4.09,CV,2022-07-22 21:14:33
224,Ahipara,-35.1667,173.1667,51.01,80,100,8.05,NZ,2022-07-22 21:14:34
225,Asau,46.4333,26.4,72.95,71,5,4.43,RO,2022-07-22 21:14:34
226,Vila Velha,-20.3297,-40.2925,75.15,86,20,8.05,BR,2022-07-22 21:12:18
227,San Ramon,37.7799,-121.978,97.81,36,0,14.97,US,2022-07-22 21:12:12
228,Antofagasta,-23.65,-70.4,58.28,79,99,8.59,CL,2022-07-22 21:14:35
229,Seoul,37.5683,126.9778,72.97,94,75,4.61,KR,2022-07-22 21:15:35
230,Tashtyp,52.7939,89.8983,51.96,96,81,4.05,RU,2022-07-22 21:15:36
231,Sarahan,31.5167,77.8,65.53,95,100,0.54,IN,2022-07-22 21:15:36
232,Brae,60.3964,-1.353,51.44,76,100,8.3,GB,2022-07-22 21:15:37
233,Port Pirie,-33.1833,138.0167,53.64,76,40,7.2,AU,2022-07-22 21:15:38
234,Cranbrook,49.4999,-115.7688,84.04,21,75,12.66,CA,2022-07-22 21:15:38
235,Lima,-12.0432,-77.0282,59.25,77,100,6.91,PE,2022-07-22 21:13:30
236,Thompson,55.7435,-97.8558,59.16,77,100,5.75,CA,2022-07-22 21:15:39
237,Maniitsoq,65.4167,-52.9,44.96,88,82,4.32,GL,2022-07-22 21:15:39
238,Mahates,10.2329,-75.1899,84.09,80,100,5.95,CO,2022-07-22 21:15:39
239,Payakumbuh,-0.2202,100.6308,69.55,98,98,0.67,ID,2022-07-22 21:15:40
240,Ejido,8.5514,-71.2375,73.65,84,94,4.14,VE,2022-07-22 21:15:40
241,Teknaf,20.8624,92.3058,78.84,90,100,1.19,BD,2022-07-22 21:15:41
242,Cayenne,4.9333,-52.3333,84.24,14,0,5.01,GF,2022-07-22 21:14:55
243,Pindiga,9.9833,10.9333,73.0,83,88,6.06,NG,2022-07-22 21:15:41
244,Loandjili,-4.7561,11.8578,68.94,89,62,3.24,CG,2022-07-22 21:15:42
245,Wanning,18.8003,110.3967,78.19,88,8,3.62,CN,2022-07-22 21:15:43
246,Saint-Pierre,-21.3393,55.4781,69.91,76,40,8.05,RE,2022-07-22 21:15:43
247,Kjollefjord,70.9457,27.3465,53.42,87,75,12.66,NO,2022-07-22 21:15:44
248,Roald,62.5833,6.1333,57.0,87,40,16.11,NO,2022-07-22 21:15:44
249,Aksarka,66.5606,67.7975,45.99,94,100,7.25,RU,2022-07-22 21:15:45
250,Januaria,-15.4833,-44.3667,75.33,38,0,2.95,BR,2022-07-22 21:15:45
251,Coquimbo,-29.9533,-71.3436,55.13,87,100,5.75,CL,2022-07-22 21:15:46
252,Orsha,54.5153,30.4053,61.05,83,1,1.54,BY,2022-07-22 21:15:47
253,Tual,-5.6667,132.75,77.54,76,100,15.03,ID,2022-07-22 21:15:47
254,Tangshan,39.6333,118.1833,72.18,81,100,4.61,CN,2022-07-22 21:15:48
255,Sitka,57.0531,-135.33,55.29,76,100,9.22,US,2022-07-22 21:15:48
256,Zabid,14.1951,43.3152,90.91,47,79,8.86,YE,2022-07-22 21:15:49
257,Arlit,18.7369,7.3853,101.5,13,60,6.24,NE,2022-07-22 21:15:49
258,Quzhou,28.9594,118.8686,80.17,73,16,3.94,CN,2022-07-22 21:15:50
259,Vezirkopru,41.1436,35.4547,66.69,83,21,1.45,TR,2022-07-22 21:15:50
260,Klaksvik,62.2266,-6.589,50.92,82,100,7.58,FO,2022-07-22 21:15:51
261,Bakewar,26.6667,79.1833,83.77,76,100,8.97,IN,2022-07-22 21:15:51
262,Luang Prabang,19.8856,102.1347,72.19,100,98,1.41,LA,2022-07-22 21:15:52
263,Laguna,38.421,-121.4238,101.32,22,0,6.91,US,2022-07-22 21:13:54
264,Kalmunai,7.4167,81.8167,78.73,87,100,4.85,LK,2022-07-22 21:15:53
265,Akyab,20.15,92.9,76.33,93,100,18.16,MM,2022-07-22 21:15:53
266,Santa Cruz De La Palma,28.6835,-17.7642,73.54,78,45,16.11,ES,2022-07-22 21:15:54
267,Cordoba,-31.4135,-64.1811,71.76,50,0,5.75,AR,2022-07-22 21:15:27
268,Ojinaga,29.5667,-104.4167,103.15,29,40,9.22,MX,2022-07-22 21:12:22
269,Pekan Nenas,1.51,103.5141,78.78,95,75,2.15,MY,2022-07-22 21:15:55
270,Port Keats,-14.25,129.55,61.25,32,44,6.26,AU,2022-07-22 21:11:07
271,Coruripe,-10.1256,-36.1756,73.54,86,57,10.29,BR,2022-07-22 21:15:56
272,Castro,-24.7911,-50.0119,61.99,67,68,3.6,BR,2022-07-22 21:15:56
273,Hay River,60.8156,-115.7999,66.18,72,75,10.36,CA,2022-07-22 21:15:09
274,Alyangula,-13.8483,136.4192,64.26,66,98,9.89,AU,2022-07-22 21:13:37
275,Dhidhdhoo,6.8833,73.1,81.66,77,100,16.44,MV,2022-07-22 21:16:57
276,Pachperwa,27.5167,82.65,84.15,71,100,14.29,IN,2022-07-22 21:16:58
277,Nokaneng,-19.6667,22.2667,64.74,41,64,6.31,BW,2022-07-22 21:16:59
278,San Pedro,14.35,121.0167,79.83,88,40,3.44,PH,2022-07-22 21:16:59
279,Saskylakh,71.9167,114.0833,50.0,64,95,7.87,RU,2022-07-22 21:13:12
280,Sterling,39.0062,-77.4286,96.4,49,40,11.5,US,2022-07-22 21:16:27
281,Mahuva,21.0914,71.7622,79.88,85,100,14.56,IN,2022-07-22 21:17:00
282,Vargem Grande Do Sul,-21.8322,-46.8936,73.85,38,9,5.97,BR,2022-07-22 21:17:00
283,Xuddur,4.1213,43.8894,72.61,65,64,19.01,SO,2022-07-22 21:17:01
284,Aklavik,68.2191,-135.0107,73.4,49,75,3.44,CA,2022-07-22 21:17:02
285,Polyarnyy,69.1989,33.4478,50.65,90,37,3.67,RU,2022-07-22 21:17:02
286,Margate,51.3813,1.3862,64.31,80,65,1.99,GB,2022-07-22 21:15:08
287,Bolton,53.5833,-2.4333,62.26,94,96,7.02,GB,2022-07-22 21:17:03
288,Hervey Bay,-25.2986,152.8535,63.45,75,100,18.92,AU,2022-07-22 21:17:04
289,Zhezkazgan,47.8043,67.7144,72.79,30,4,9.62,KZ,2022-07-22 21:17:04
290,Ukiah,39.1502,-123.2078,99.45,20,0,9.22,US,2022-07-22 21:12:05
291,Skjervoy,70.0311,20.9714,51.8,85,100,19.66,NO,2022-07-22 21:13:59
292,Kabompo,-13.5927,24.2008,63.68,40,44,6.22,ZM,2022-07-22 21:17:05
293,Estelle,29.8458,-90.1067,93.99,81,100,10.36,US,2022-07-22 21:17:05
294,Cabo San Lucas,22.8909,-109.9124,100.62,36,0,9.22,MX,2022-07-22 21:13:39
295,Palmer,42.1584,-72.3287,93.78,41,20,12.66,US,2022-07-22 21:17:06
296,Jacareacanga,-6.2222,-57.7528,91.04,38,53,3.09,BR,2022-07-22 21:17:07
297,Barstow,34.8986,-117.0228,106.79,6,100,9.91,US,2022-07-22 21:17:07
298,Bria,6.5423,21.9863,68.56,96,100,4.07,CF,2022-07-22 21:17:08
299,Bismil,37.8486,40.6658,83.93,21,0,5.26,TR,2022-07-22 21:17:08
300,Nishihara,26.1842,127.7558,85.28,87,75,12.66,JP,2022-07-22 21:17:09
301,Georgetown,5.4112,100.3354,78.89,92,20,0.0,MY,2022-07-22 21:17:10
302,Zhigansk,66.7697,123.3711,53.56,92,100,5.41,RU,2022-07-22 21:17:10
303,Tokur,53.1333,132.9,53.94,89,95,2.37,RU,2022-07-22 21:17:11
304,Aketi,2.7388,23.7833,69.51,97,100,1.72,CD,2022-07-22 21:17:11
305,Sistranda,63.7256,8.834,53.56,87,30,14.54,NO,2022-07-22 21:17:12
306,Comodoro Rivadavia,-45.8667,-67.5,37.26,48,0,9.22,AR,2022-07-22 21:14:57
307,Canon City,38.441,-105.2424,96.67,17,0,7.0,US,2022-07-22 21:17:13
308,Norman Wells,65.282,-126.8329,78.84,31,75,8.05,CA,2022-07-22 21:17:14
309,Haines Junction,60.7522,-137.5108,57.15,51,95,6.91,CA,2022-07-22 21:17:14
310,Kirkwood,38.5834,-90.4068,103.03,44,40,3.0,US,2022-07-22 21:15:35
311,Vrangel,42.7297,133.0839,62.74,94,100,6.89,RU,2022-07-22 21:17:15
312,Dawei,14.0833,98.2,75.34,94,100,3.47,MM,2022-07-22 21:17:15
313,Sri Aman,1.2376,111.4621,73.45,100,85,1.14,MY,2022-07-22 21:17:16
314,Marawi,7.9986,124.2928,68.52,94,96,2.64,PH,2022-07-22 21:17:17
315,Bahar,34.9072,48.4414,64.56,24,0,4.61,IR,2022-07-22 21:17:17
316,Eyl,7.9803,49.8164,77.77,75,100,24.34,SO,2022-07-22 21:17:18
317,Voyvozh,62.892,54.9635,47.34,61,73,3.56,RU,2022-07-22 21:17:18
318,Kattivakkam,13.2167,80.3167,84.29,88,100,9.37,IN,2022-07-22 21:18:19
319,Omsukchan,62.5333,155.8,55.54,43,61,4.05,RU,2022-07-22 21:18:19
320,Ostrovnoy,68.0531,39.5131,51.75,90,100,18.1,RU,2022-07-22 21:18:20
321,Upernavik,72.7868,-56.1549,42.42,94,100,21.14,GL,2022-07-22 21:18:20
322,Tongzhou,39.9053,116.5994,71.71,94,0,6.71,CN,2022-07-22 21:18:21
323,Muskegon,43.3,-86.1334,88.93,47,40,16.11,US,2022-07-22 21:18:22
324,Muros,42.7762,-9.0603,67.08,72,0,13.22,ES,2022-07-22 21:17:22
325,Sola,-13.8833,167.55,81.27,89,75,1.14,VU,2022-07-22 21:18:22
326,Penzance,50.1186,-5.5371,59.68,77,24,9.57,GB,2022-07-22 21:18:23
327,Prince Rupert,54.3161,-130.3201,59.09,79,100,11.5,CA,2022-07-22 21:15:39
328,Altay,47.8667,88.1167,60.06,77,81,1.39,CN,2022-07-22 21:18:24
329,Tigzirt,36.8886,4.1198,79.83,67,0,8.59,DZ,2022-07-22 21:18:24
330,Ketchikan,55.3422,-131.6461,64.87,68,75,12.66,US,2022-07-22 21:18:18
331,Sechura,-5.5569,-80.8222,70.68,66,17,14.61,PE,2022-07-22 21:18:25
332,Lompoc,34.6391,-120.4579,88.02,70,0,18.41,US,2022-07-22 21:15:48
333,Yumen,40.2833,97.2,74.59,16,0,9.46,CN,2022-07-22 21:13:26
334,Belyy Yar,53.6039,91.3903,58.89,88,40,8.95,RU,2022-07-22 21:18:25
335,Gazanjyk,39.2446,55.5154,78.76,75,0,14.99,TM,2022-07-22 21:18:26
336,Ipanema,-30.1391,-51.2244,71.65,90,75,1.14,BR,2022-07-22 21:18:27
337,Verkhoyansk,67.5447,133.385,66.38,79,100,2.86,RU,2022-07-22 21:18:27
338,Vostok,46.4856,135.8833,58.84,95,96,2.3,RU,2022-07-22 21:18:28
339,Avera,33.194,-82.5271,89.38,60,100,6.49,US,2022-07-22 21:18:29
340,Karwar,14.8,74.1333,77.72,87,100,8.97,IN,2022-07-22 21:18:29
341,Tabas,33.5959,56.9244,93.96,10,0,7.96,IR,2022-07-22 21:18:29
342,Ribas Do Rio Pardo,-20.4431,-53.7592,82.15,26,8,5.84,BR,2022-07-22 21:18:30
343,Buenos Aires,-34.6132,-58.3772,62.01,75,3,8.05,AR,2022-07-22 21:17:02
344,Hambantota,6.1241,81.1185,78.78,83,98,18.43,LK,2022-07-22 21:16:51
345,Beringovskiy,63.05,179.3167,48.65,79,100,10.07,RU,2022-07-22 21:14:27
346,Paysandu,-32.3214,-58.0756,62.87,91,99,6.06,UY,2022-07-22 21:18:31
347,Pecos,31.4229,-103.4932,102.29,21,40,11.5,US,2022-07-22 21:18:32
348,Lahijan,37.2061,50.0029,74.98,70,2,3.83,IR,2022-07-22 21:18:32
349,College,64.8569,-147.8028,57.52,73,75,3.44,US,2022-07-22 21:18:33
350,Pindwara,24.8,73.0667,79.0,85,100,5.75,IN,2022-07-22 21:18:33
351,Santa Cruz,-17.8,-63.1667,83.66,51,20,16.11,BO,2022-07-22 21:14:52
352,Rubio,7.7013,-72.3557,77.85,55,69,6.35,VE,2022-07-22 21:18:34
353,Didao,45.3667,130.8,60.64,96,6,2.62,CN,2022-07-22 21:18:35
354,Port Hardy,50.6996,-127.4199,60.57,77,99,11.36,CA,2022-07-22 21:13:42
355,Arbuzynka,47.9097,31.3196,64.89,58,0,8.03,UA,2022-07-22 21:18:35
356,Banjar,-8.19,114.9675,74.57,89,67,4.97,ID,2022-07-22 21:18:36
357,Shelopugino,51.6514,117.5599,61.66,96,0,4.83,RU,2022-07-22 21:18:36
358,Aguimes,27.9054,-15.4461,73.65,83,20,32.21,ES,2022-07-22 21:14:43
359,Tautira,-17.7333,-149.15,75.43,80,19,7.81,PF,2022-07-22 21:18:37
360,Bukachacha,52.9833,116.9167,63.3,92,1,6.04,RU,2022-07-22 21:18:38
361,Kokopo,-4.352,152.2633,78.19,82,2,3.4,PG,2022-07-22 21:18:38
362,Dauphin,51.1494,-100.0502,73.54,60,0,8.05,CA,2022-07-22 21:18:39
363,Hamilton,39.1834,-84.5333,94.75,47,0,8.05,US,2022-07-22 21:15:17
364,Coihaique,-45.5752,-72.0662,26.55,80,75,4.61,CL,2022-07-22 21:19:39
365,Petropavlovsk-Kamchatskiy,53.0452,158.6483,59.59,67,75,6.71,RU,2022-07-22 21:19:40
366,Lysva,58.1086,57.8053,57.43,95,20,2.48,RU,2022-07-22 21:19:40
367,Bubaque,11.2833,-15.8333,77.43,90,100,18.19,GW,2022-07-22 21:17:23
368,Menongue,-14.6585,17.691,58.87,38,96,3.6,AO,2022-07-22 21:19:41
369,Moron,-34.6534,-58.6198,62.02,75,2,4.52,AR,2022-07-22 21:19:42
370,Alofi,-19.0595,-169.9187,78.69,78,100,5.75,NU,2022-07-22 21:19:42
371,Olafsvik,64.8945,-23.7142,54.1,78,15,3.49,IS,2022-07-22 21:19:43
372,Monrovia,6.3005,-10.7969,76.77,77,97,10.78,LR,2022-07-22 21:17:26
373,Sisimiut,66.9395,-53.6735,47.07,82,100,3.89,GL,2022-07-22 21:19:43
374,Cherskiy,68.75,161.3,44.64,61,11,3.89,RU,2022-07-22 21:19:43
375,Turayf,31.6725,38.6637,82.65,39,0,10.36,SA,2022-07-22 21:19:44
376,Winnemucca,40.973,-117.7357,93.25,8,0,6.91,US,2022-07-22 21:19:44
377,Severnoye,56.3491,78.3619,51.48,92,41,4.54,RU,2022-07-22 21:19:45
378,Dudinka,69.4058,86.1778,61.63,67,75,8.46,RU,2022-07-22 21:19:46
379,Manggar,-2.8833,108.2667,79.97,80,95,5.95,ID,2022-07-22 21:19:46
380,Adilcevaz,38.8039,42.7342,69.87,44,0,6.22,TR,2022-07-22 21:19:47
381,Bonthe,7.5264,-12.505,77.02,83,93,10.16,SL,2022-07-22 21:19:47
382,Taywarah,33.35,64.4167,65.82,21,46,3.24,AF,2022-07-22 21:19:48
383,Catuday,16.2923,119.8062,80.53,80,3,5.26,PH,2022-07-22 21:19:48
384,Jackson,42.4165,-122.8345,88.39,24,0,5.75,US,2022-07-22 21:14:54
385,Dunedin,-45.8742,170.5036,46.8,80,14,5.01,NZ,2022-07-22 21:19:49
386,Dawlatabad,36.4141,64.9053,91.15,9,0,8.68,AF,2022-07-22 21:19:50
387,Ostrogozhsk,50.8664,39.0756,56.43,96,72,6.38,RU,2022-07-22 21:19:50
388,Itoman,26.1247,127.6694,86.02,86,75,12.66,JP,2022-07-22 21:19:51
389,Richards Bay,-28.783,32.0377,66.76,82,0,12.53,ZA,2022-07-22 21:19:52
390,Yenagoa,4.9247,6.2642,74.55,92,100,3.71,NG,2022-07-22 21:19:52
391,Afua,-0.1567,-50.3867,79.32,79,96,2.77,BR,2022-07-22 21:15:53
392,Ponta Delgada,37.7333,-25.6667,72.32,73,20,4.61,PT,2022-07-22 21:19:53
393,Kota Belud,6.351,116.4305,75.76,88,93,3.69,MY,2022-07-22 21:19:54
394,Constantine,36.365,6.6147,83.61,32,20,4.61,DZ,2022-07-22 21:19:54
395,Lagoa,39.05,-27.9833,72.48,90,100,8.95,PT,2022-07-22 21:19:55
396,Sinnamary,5.3833,-52.95,80.6,79,50,7.09,GF,2022-07-22 21:19:55
397,Manokwari,-0.8667,134.0833,78.75,77,47,6.24,ID,2022-07-22 21:19:56
398,Byron Bay,-28.65,153.6167,57.94,83,100,22.19,AU,2022-07-22 21:16:00
399,Harper,4.375,-7.7169,75.51,71,70,9.33,LR,2022-07-22 21:16:24
400,Wajima,37.4,136.9,74.1,90,100,18.77,JP,2022-07-22 21:19:57
401,New Bedford,41.6362,-70.9342,94.1,58,0,12.66,US,2022-07-22 21:16:38
402,Kingman,35.1894,-114.053,106.05,12,0,20.71,US,2022-07-22 21:19:57
403,Qostanay,53.1667,63.5833,59.29,72,0,4.47,KZ,2022-07-22 21:19:58
404,Kaseda,31.4167,130.3167,76.01,78,59,9.75,JP,2022-07-22 21:19:58
405,Zhanaozen,43.3,52.8,78.98,48,4,29.44,KZ,2022-07-22 21:19:59
406,Parsons,37.3403,-95.2611,102.07,30,40,8.95,US,2022-07-22 21:18:46
407,Boa Vista,2.8197,-60.6733,85.98,62,40,8.05,BR,2022-07-22 21:20:00
408,Honningsvag,70.9821,25.9704,51.55,82,100,19.57,NO,2022-07-22 21:20:00
409,Jalu,29.0331,21.5482,80.29,46,0,15.1,LY,2022-07-22 21:20:01
410,Little Current,45.9793,-81.9248,77.41,55,24,8.3,CA,2022-07-22 21:18:19
411,Plainview,40.7765,-73.4673,94.68,48,0,14.97,US,2022-07-22 21:17:32
412,Hede,33.7681,120.2517,74.79,97,100,7.36,CN,2022-07-22 21:18:45
413,Yuzhou,34.1628,113.4639,67.66,92,5,3.91,CN,2022-07-22 21:21:02
414,Liku,-0.7275,119.8922,74.77,94,80,1.57,ID,2022-07-22 21:21:02
415,Veselynove,47.3567,31.2349,68.31,52,0,7.07,UA,2022-07-22 21:21:03
416,Nyrob,60.733,56.7202,49.12,65,21,3.74,RU,2022-07-22 21:18:37
417,Innisfail,-17.5333,146.0333,61.75,88,5,5.39,AU,2022-07-22 21:21:03
418,Na Klang,17.3072,102.1889,75.76,99,100,3.6,TH,2022-07-22 21:21:04
419,Kaura Namoda,12.5898,6.5779,80.31,72,100,5.59,NG,2022-07-22 21:21:04
420,Atambua,-9.1061,124.8925,64.51,87,93,5.66,ID,2022-07-22 21:21:05
421,Werda,-25.2667,23.2833,64.17,42,100,5.39,BW,2022-07-22 21:21:05
422,Kedrovyy,56.1667,91.8167,50.41,96,77,4.85,RU,2022-07-22 21:21:06
423,North Bend,43.4065,-124.2243,76.24,79,40,14.97,US,2022-07-22 21:17:45
424,Nome,64.5011,-165.4064,47.16,87,100,5.75,US,2022-07-22 21:21:07
425,Vikhorevka,56.1201,101.1636,60.39,85,100,2.66,RU,2022-07-22 21:21:07
426,Tateyama,34.9833,139.8667,79.11,84,0,17.85,JP,2022-07-22 21:16:16
427,Khasan,42.4308,130.6434,65.25,96,100,4.03,RU,2022-07-22 21:21:08
428,Pedra Azul,-16.0053,-41.2972,69.15,64,98,5.88,BR,2022-07-22 21:21:09
429,Rovinj,45.08,13.64,79.5,51,0,5.28,HR,2022-07-22 21:21:10
430,Tsuyama,35.05,134.0,66.83,94,23,2.46,JP,2022-07-22 21:21:10
431,Tabuk,17.4189,121.4443,74.25,92,3,3.27,PH,2022-07-22 21:21:11
432,Paraiso,9.8383,-83.8656,69.89,100,99,1.59,CR,2022-07-22 21:21:11
433,Khandagayty,50.7333,92.05,56.82,83,100,7.29,RU,2022-07-22 21:21:12
434,Preobrazheniye,42.9019,133.9064,62.46,94,99,9.55,RU,2022-07-22 21:21:12
435,Henties Bay,-22.116,14.2845,58.87,77,0,6.49,NA,2022-07-22 21:21:13
436,Kompaniyivka,48.2511,32.208,62.73,73,2,7.9,UA,2022-07-22 21:21:13
437,Corrente,-3.7367,-43.3394,82.4,53,63,1.28,BR,2022-07-22 21:21:14
438,Sioux Lookout,50.1001,-91.917,69.87,73,40,11.5,CA,2022-07-22 21:21:14
439,Waipawa,-41.4122,175.5153,43.45,75,100,2.86,NZ,2022-07-22 21:21:15
440,Ayacucho,-13.1583,-74.2239,75.06,14,0,3.44,PE,2022-07-22 21:21:16
441,Meulaboh,4.1363,96.1285,76.73,86,100,6.26,ID,2022-07-22 21:21:16
442,Maine-Soroa,13.2114,12.0241,87.35,54,100,7.63,NE,2022-07-22 21:21:17
443,Mogadishu,2.0371,45.3438,75.88,81,29,17.87,SO,2022-07-22 21:21:17
444,Mkuranga,-7.118,39.2078,67.55,91,1,4.94,TZ,2022-07-22 21:21:18
445,Chama,47.1821,8.4636,80.76,61,100,0.0,CH,2022-07-22 21:21:18
446,Trairi,-3.2778,-39.2689,79.21,77,88,11.5,BR,2022-07-22 21:21:05
447,Poya,-21.35,165.15,76.12,87,88,7.67,NC,2022-07-22 21:21:19
448,Culebra,18.303,-65.301,86.09,96,7,11.99,PR,2022-07-22 21:21:19
449,Gizo,-8.103,156.8419,81.84,74,2,5.61,SB,2022-07-22 21:21:20
450,Northam,51.0333,-4.2167,60.39,87,42,8.57,GB,2022-07-22 21:21:20
451,Payyannur,12.1,75.2,76.46,89,100,5.61,IN,2022-07-22 21:21:21
452,Luderitz,-26.6481,15.1594,58.89,69,61,14.23,NA,2022-07-22 21:21:21
453,Nanortalik,60.1432,-45.2371,48.79,79,22,3.58,GL,2022-07-22 21:17:25
454,Vila Franca Do Campo,37.7167,-25.4333,72.01,78,80,2.06,PT,2022-07-22 21:21:22
455,Novikovo,51.1537,37.8879,57.09,95,32,8.59,RU,2022-07-22 21:21:22
456,Namie,37.4833,141.0,76.71,96,78,2.84,JP,2022-07-22 21:21:23
457,Canandaigua,42.8742,-77.288,89.37,65,66,4.0,US,2022-07-22 21:21:23
458,Synya,65.3718,58.0387,41.47,88,36,3.2,RU,2022-07-22 21:22:24
459,Shimsk,58.212,30.7127,63.21,78,72,5.37,RU,2022-07-22 21:22:24
460,Seminole,28.7086,-81.2081,94.26,71,40,12.66,US,2022-07-22 21:22:25
461,Salinopolis,-0.6136,-47.3561,79.43,81,83,9.4,BR,2022-07-22 21:19:18
462,Khandyga,62.6667,135.6,65.75,95,100,1.77,RU,2022-07-22 21:22:26
463,Vallenar,-28.5708,-70.7581,67.39,52,46,3.13,CL,2022-07-22 21:22:26
464,Aras,42.5617,-2.356,63.01,68,0,12.66,ES,2022-07-22 21:22:27
465,Seydi,39.4816,62.9137,94.57,14,0,14.14,TM,2022-07-22 21:22:28
466,Ginda,30.6945,78.4932,67.21,96,100,0.85,IN,2022-07-22 21:22:28
467,Timbiqui,2.7717,-77.6654,78.53,88,83,8.97,CO,2022-07-22 21:22:28
468,Fonte Boa,-2.4959,-66.2662,81.39,82,74,1.43,BR,2022-07-22 21:22:29
469,Fergus Falls,46.283,-96.0776,89.58,40,0,6.91,US,2022-07-22 21:22:30
470,Monterey,36.2505,-121.2516,98.19,8,5,15.52,US,2022-07-22 21:21:53
471,Bardiyah,31.7561,25.0865,78.62,63,0,9.35,LY,2022-07-22 21:22:31
472,Winona,43.9666,-91.7668,89.4,51,0,4.61,US,2022-07-22 21:22:31
473,Banamba,13.55,-7.45,81.57,64,82,5.91,ML,2022-07-22 21:22:32
474,Tulun,54.5611,100.5792,57.47,87,100,3.71,RU,2022-07-22 21:22:32
475,Banda Aceh,5.5577,95.3222,78.48,82,100,4.83,ID,2022-07-22 21:22:32
476,Lazaro Cardenas,17.9583,-102.2,87.13,64,98,7.94,MX,2022-07-22 21:22:33
477,San Patricio,28.017,-97.5169,97.18,43,3,16.8,US,2022-07-22 21:22:33
478,The Pas,53.8251,-101.2541,59.02,77,100,0.0,CA,2022-07-22 21:22:34
479,Warri,5.5167,5.75,75.74,85,100,3.44,NG,2022-07-22 21:22:34
480,Jacmel,18.2342,-72.5347,76.84,76,45,6.35,HT,2022-07-22 21:22:34
481,Katherine,-14.4667,132.2667,50.32,50,3,5.75,AU,2022-07-22 21:22:35
482,Rong Kwang,18.339,100.3174,73.87,98,100,1.72,TH,2022-07-22 21:22:35
483,Liverpool,53.4106,-2.9779,63.14,95,75,3.44,GB,2022-07-22 21:22:36
484,Turukhansk,65.8167,87.9833,59.02,78,11,13.31,RU,2022-07-22 21:22:36
485,Mao,39.8885,4.2658,79.36,83,0,4.61,ES,2022-07-22 21:22:36
486,Iquitos,-3.7481,-73.2472,87.84,66,40,4.61,PE,2022-07-22 21:18:51
487,Bure,10.7,37.0667,55.72,96,32,3.22,ET,2022-07-22 21:22:37
488,Shonguy,68.7526,33.146,46.47,100,0,0.0,RU,2022-07-22 21:22:37
489,Geraldton,-28.7667,114.6,50.41,87,40,14.97,AU,2022-07-22 21:22:38
490,Yeppoon,-23.1333,150.7333,56.98,84,9,9.6,AU,2022-07-22 21:22:38
491,Muyezerskiy,63.9333,31.65,63.57,94,87,4.09,RU,2022-07-22 21:22:39
492,Inuvik,68.3499,-133.7218,77.76,35,75,6.91,CA,2022-07-22 21:22:40
493,Yuyao,30.05,121.1494,80.37,88,82,3.85,CN,2022-07-22 21:22:40
494,Palauig,15.435,119.9045,81.25,77,25,3.98,PH,2022-07-22 21:22:40
495,Xixiang,35.1628,112.865,66.07,86,0,6.15,CN,2022-07-22 21:22:41
496,Tokonou,9.65,-9.7833,69.33,96,100,1.95,GN,2022-07-22 21:18:09
497,Celestun,20.8667,-90.4,84.9,72,36,15.86,MX,2022-07-22 21:22:41
498,Abashiri,44.0213,144.2697,58.35,97,100,5.19,JP,2022-07-22 21:22:42
499,Chachapoyas,-6.2317,-77.869,62.98,68,90,2.84,PE,2022-07-22 21:21:24
500,Birjand,32.8663,59.2211,79.27,13,0,4.61,IR,2022-07-22 21:22:42
501,Cap-Aux-Meules,47.3821,-61.8597,75.25,78,20,9.22,CA,2022-07-22 21:22:43
502,Borovoy,55.4333,86.0833,58.28,100,40,8.95,RU,2022-07-22 21:22:43
503,Alta Floresta,-9.8756,-56.0861,90.63,24,3,2.19,BR,2022-07-22 21:23:44
504,Omboue,-1.5746,9.2618,70.95,82,78,10.27,GA,2022-07-22 21:23:44
505,Jizan,17.3333,42.6667,88.74,55,52,1.52,SA,2022-07-22 21:23:45
506,Thinadhoo,0.5333,72.9333,80.29,78,100,8.41,MV,2022-07-22 21:21:16
507,Tatvan,38.5067,42.2817,66.18,36,0,5.64,TR,2022-07-22 21:23:45
508,Shinshiro,34.9,137.5,81.37,82,5,10.47,JP,2022-07-22 21:23:46
509,Joshimath,30.5667,79.5667,72.55,92,100,0.89,IN,2022-07-22 21:19:18
510,Dingle,10.9995,122.6711,76.08,92,83,4.23,PH,2022-07-22 21:23:46
511,Gladstone,-23.85,151.25,55.78,82,54,4.61,AU,2022-07-22 21:23:46
512,Kapuskasing,49.4169,-82.4331,64.49,88,100,17.27,CA,2022-07-22 21:23:47
513,Porto Novo,6.4965,2.6036,75.88,83,100,7.47,BJ,2022-07-22 21:23:47
514,Yeniseysk,58.4497,92.1703,54.97,99,55,5.01,RU,2022-07-22 21:23:48
515,Puri,19.8,85.85,82.92,83,100,7.61,IN,2022-07-22 21:23:48
516,Maragogi,-9.0122,-35.2225,74.48,85,100,9.57,BR,2022-07-22 21:23:48
517,Amuntai,-2.4177,115.2494,72.19,98,64,0.31,ID,2022-07-22 21:23:49
518,Veraval,20.9,70.3667,80.55,84,97,16.98,IN,2022-07-22 21:23:49
519,Tubmanburg,6.8708,-10.8172,72.34,94,94,2.75,LR,2022-07-22 21:20:18
520,Manaquiri,-3.3167,-60.35,81.09,78,95,2.73,BR,2022-07-22 21:23:50
521,Svetlogorsk,52.6333,29.7333,60.85,81,5,4.21,BY,2022-07-22 21:22:23
522,Parfenyevo,58.484,43.4088,62.22,82,86,6.42,RU,2022-07-22 21:23:51
523,Voh,-20.9667,164.7,75.78,87,97,5.37,NC,2022-07-22 21:23:51
524,El Alto,-4.2714,-81.2147,67.66,80,36,13.87,PE,2022-07-22 21:23:51
525,Gbongan,7.4667,4.35,72.16,97,100,4.41,NG,2022-07-22 21:23:52
526,Ivybridge,50.3904,-3.9191,61.72,75,21,8.79,GB,2022-07-22 21:23:52
527,Tanout,14.9709,8.8879,92.53,37,98,10.87,NE,2022-07-22 21:23:52
528,Urgut,39.4022,67.2431,74.82,14,0,1.23,UZ,2022-07-22 21:23:53
529,Groton,41.3501,-72.0784,92.46,55,0,6.91,US,2022-07-22 21:20:33
530,Waunakee,43.1919,-89.4557,88.92,49,0,11.5,US,2022-07-22 21:23:53
531,Naze,28.3667,129.4833,77.92,82,37,7.16,JP,2022-07-22 21:23:54
532,Yining,29.0361,114.5636,79.11,85,43,2.71,CN,2022-07-22 21:23:54
533,Tramore,52.1624,-7.1524,63.18,90,40,9.22,IE,2022-07-22 21:23:54
534,Puerto Gaitan,4.3133,-72.0816,85.96,62,54,7.38,CO,2022-07-22 21:23:55
535,Kytmanovo,53.4593,85.4479,55.72,95,96,7.07,RU,2022-07-22 21:23:55
536,Grand Gaube,-20.0064,57.6608,67.37,75,1,5.01,MU,2022-07-22 21:23:55
537,Sakakah,29.9697,40.2064,96.37,16,1,11.34,SA,2022-07-22 21:23:56
538,Oltu,40.5498,42.0013,53.71,96,4,3.38,TR,2022-07-22 21:23:56
539,Luangwa,-15.6167,30.4167,63.55,68,8,2.93,ZM,2022-07-22 21:23:57
540,Mitsamiouli,-11.3847,43.2844,75.52,74,0,7.02,KM,2022-07-22 21:23:57
541,Sovetskiy,61.3614,63.5842,49.35,65,100,4.59,RU,2022-07-22 21:23:57
542,Tommot,58.9564,126.2925,68.34,80,100,1.92,RU,2022-07-22 21:23:58
543,Quelimane,-17.8786,36.8883,71.55,88,0,4.61,MZ,2022-07-22 21:23:58
544,Takab,36.4009,47.1133,64.71,26,0,4.81,IR,2022-07-22 21:23:58
545,Kristiansund,63.1115,7.732,57.25,76,20,14.97,NO,2022-07-22 21:23:59
546,Ziro,27.6333,93.8333,59.34,96,100,3.22,IN,2022-07-22 21:19:12
547,Orocue,4.7912,-71.3354,83.75,71,73,7.05,CO,2022-07-22 21:23:59
548,Kaz,52.9113,87.3105,53.17,98,90,4.34,RU,2022-07-22 21:24:00
549,Hua Hin,12.5707,99.9588,82.89,86,100,5.64,TH,2022-07-22 21:25:00
550,Ust-Kulom,61.6864,53.6902,52.7,61,43,2.26,RU,2022-07-22 21:25:00
551,Antanifotsy,-19.65,47.3167,46.38,93,71,2.57,MG,2022-07-22 21:25:01
552,Coracora,-15.0333,-73.7833,59.16,28,7,11.14,PE,2022-07-22 21:23:10
553,Safaga,26.7292,33.9365,89.26,34,2,12.84,EG,2022-07-22 21:25:01
554,Brzeg Dolny,51.273,16.7082,73.4,72,15,5.5,PL,2022-07-22 21:25:02
555,Rio Verde De Mato Grosso,-18.9181,-54.8442,84.61,27,9,3.65,BR,2022-07-22 21:25:02
556,Teguldet,57.3064,88.1667,57.7,97,100,8.7,RU,2022-07-22 21:25:03
557,Talnakh,69.4865,88.3972,61.21,57,66,5.08,RU,2022-07-22 21:25:03
558,Vilhena,-12.7406,-60.1458,86.22,39,40,5.75,BR,2022-07-22 21:25:03
